STAT_CODE,STAT_NAME,ITEM_CODE1,ITEM_NAME1,UNIT_NAME,TIME,DATA_VALUE
121Y006,1.3.3.2.1. 예금은행 대출금리(신규취급액 기준),BECBLA01,대출평균 1),연%,199601,11.43
121Y006,1.3.3.2.1. 예금은행 대출금리(신규취급액 기준),BECBLA01,대출평균 1),연%,199602,11.47
121Y006,1.3.3.2.1. 예금은행 대출금리(신규취급액 기준),BECBLA01,대출평균 1),연%,199603,11.37
121Y006,1.3.3.2.1. 예금은행 대출금리(신규취급액 기준),BECBLA01,대출평균 1),연%,199604,11.11
121Y006,1.3.3.2.1. 예금은행 대출금리(신규취급액 기준),BECBLA01,대출평균 1),연%,199605,11.24
121Y006,1.3.3.2.1. 예금은행 대출금리(신규취급액 기준),BECBLA01,대출평균 1),연%,199606,11.3
121Y006,1.3.3.2.1. 예금은행 대출금리(신규취급액 기준),BECBLA01,대출평균 1),연%,199607,11.16
121Y006,1.3.3.2.1. 예금은행 대출금리(신규취급액 기준),BECBLA01,대출평균 1),연%,199608,11.07
121Y006,1.3.3.2.1. 예금은행 대출금리(신규취급액 기준),BECBLA01,대출평균 1),연%,199609,11.1
121Y006,1.3.3.2.1. 예금은행 대출금리(신규취급액 기준),BECBLA01,대출평균 1),연%,199610,11.14
121Y006,1.3.3.2.1. 예금은행 대출금리(신규취급액 기준),BECBLA01,대출평균 1),연%,199611,10.99
121Y006,1.3.3.2.1. 예금은행 대출금리(신규취급액 기준),BECBLA01,대출평균 1),연%,199612,11.12
121Y006,1.3.3.2.1. 예금은행 대출금리(신규취급액 기준),BECBLA01,대출평균 1),연%,199701,11.37
121Y006,1.3.3.2.1. 예금은행 대출금리(신규취급액 기준),BECBLA01,대출평균 1),연%,199702,11.34
121Y006,1.3.3.2.1. 예금은행 대출금리(신규취급액 기준),BECBLA01,대출평균 1),연%,199703,11.46
121Y006,1.3.3.2.1. 예금은행 대출금리(신규취급액 기준),BECBLA01,대출평균 1),연%,199704,11.46
121Y006,1.3.3.2.1. 예금은행 대출금리(신규취급액 기준),BECBLA01,대출평균 1),연%,199705,11.39
121Y006,1.3.3.2.1. 예금은행 대출금리(신규취급액 기준),BECBLA01,대출평균 1),연%,199706,11.43
121Y006,1.3.3.2.1. 예금은행 대출금리(신규취급액 기준),BECBLA01,대출평균 1),연%,199707,11.46
121Y006,1.3.3.2.1. 예금은행 대출금리(신규취급액 기준),BECBLA01,대출평균 1),연%,199708,11.64
121Y006,1.3.3.2.1. 예금은행 대출금리(신규취급액 기준),BECBLA01,대출평균 1),연%,199709,11.82
121Y006,1.3.3.2.1. 예금은행 대출금리(신규취급액 기준),BECBLA01,대출평균 1),연%,199710,11.76
121Y006,1.3.3.2.1. 예금은행 대출금리(신규취급액 기준),BECBLA01,대출평균 1),연%,199711,12.22
121Y006,1.3.3.2.1. 예금은행 대출금리(신규취급액 기준),BECBLA01,대출평균 1),연%,199712,14.58
121Y006,1.3.3.2.1. 예금은행 대출금리(신규취급액 기준),BECBLA01,대출평균 1),연%,199801,17.01
121Y006,1.3.3.2.1. 예금은행 대출금리(신규취급액 기준),BECBLA01,대출평균 1),연%,199802,16.86
121Y006,1.3.3.2.1. 예금은행 대출금리(신규취급액 기준),BECBLA01,대출평균 1),연%,199803,16.94
121Y006,1.3.3.2.1. 예금은행 대출금리(신규취급액 기준),BECBLA01,대출평균 1),연%,199804,17
121Y006,1.3.3.2.1. 예금은행 대출금리(신규취급액 기준),BECBLA01,대출평균 1),연%,199805,16.87
121Y006,1.3.3.2.1. 예금은행 대출금리(신규취급액 기준),BECBLA01,대출평균 1),연%,199806,16.49
121Y006,1.3.3.2.1. 예금은행 대출금리(신규취급액 기준),BECBLA01,대출평균 1),연%,199807,15.51
121Y006,1.3.3.2.1. 예금은행 대출금리(신규취급액 기준),BECBLA01,대출평균 1),연%,199808,14.93
121Y006,1.3.3.2.1. 예금은행 대출금리(신규취급액 기준),BECBLA01,대출평균 1),연%,199809,14.25
121Y006,1.3.3.2.1. 예금은행 대출금리(신규취급액 기준),BECBLA01,대출평균 1),연%,199810,13.01
121Y006,1.3.3.2.1. 예금은행 대출금리(신규취급액 기준),BECBLA01,대출평균 1),연%,199811,11.97
121Y006,1.3.3.2.1. 예금은행 대출금리(신규취급액 기준),BECBLA01,대출평균 1),연%,199812,11.33
121Y006,1.3.3.2.1. 예금은행 대출금리(신규취급액 기준),BECBLA01,대출평균 1),연%,199901,11.09
121Y006,1.3.3.2.1. 예금은행 대출금리(신규취급액 기준),BECBLA01,대출평균 1),연%,199902,10.75
121Y006,1.3.3.2.1. 예금은행 대출금리(신규취급액 기준),BECBLA01,대출평균 1),연%,199903,10.27
121Y006,1.3.3.2.1. 예금은행 대출금리(신규취급액 기준),BECBLA01,대출평균 1),연%,199904,9.76
121Y006,1.3.3.2.1. 예금은행 대출금리(신규취급액 기준),BECBLA01,대출평균 1),연%,199905,9.33
121Y006,1.3.3.2.1. 예금은행 대출금리(신규취급액 기준),BECBLA01,대출평균 1),연%,199906,9.06
121Y006,1.3.3.2.1. 예금은행 대출금리(신규취급액 기준),BECBLA01,대출평균 1),연%,199907,8.93
121Y006,1.3.3.2.1. 예금은행 대출금리(신규취급액 기준),BECBLA01,대출평균 1),연%,199908,8.86
121Y006,1.3.3.2.1. 예금은행 대출금리(신규취급액 기준),BECBLA01,대출평균 1),연%,199909,8.83
121Y006,1.3.3.2.1. 예금은행 대출금리(신규취급액 기준),BECBLA01,대출평균 1),연%,199910,8.71
121Y006,1.3.3.2.1. 예금은행 대출금리(신규취급액 기준),BECBLA01,대출평균 1),연%,199911,8.58
121Y006,1.3.3.2.1. 예금은행 대출금리(신규취급액 기준),BECBLA01,대출평균 1),연%,199912,8.58
121Y006,1.3.3.2.1. 예금은행 대출금리(신규취급액 기준),BECBLA01,대출평균 1),연%,200001,8.59
121Y006,1.3.3.2.1. 예금은행 대출금리(신규취급액 기준),BECBLA01,대출평균 1),연%,200002,8.64
121Y006,1.3.3.2.1. 예금은행 대출금리(신규취급액 기준),BECBLA01,대출평균 1),연%,200003,8.79
121Y006,1.3.3.2.1. 예금은행 대출금리(신규취급액 기준),BECBLA01,대출평균 1),연%,200004,8.61
121Y006,1.3.3.2.1. 예금은행 대출금리(신규취급액 기준),BECBLA01,대출평균 1),연%,200005,8.62
121Y006,1.3.3.2.1. 예금은행 대출금리(신규취급액 기준),BECBLA01,대출평균 1),연%,200006,8.49
121Y006,1.3.3.2.1. 예금은행 대출금리(신규취급액 기준),BECBLA01,대출평균 1),연%,200007,8.51
121Y006,1.3.3.2.1. 예금은행 대출금리(신규취급액 기준),BECBLA01,대출평균 1),연%,200008,8.41
121Y006,1.3.3.2.1. 예금은행 대출금리(신규취급액 기준),BECBLA01,대출평균 1),연%,200009,8.43
121Y006,1.3.3.2.1. 예금은행 대출금리(신규취급액 기준),BECBLA01,대출평균 1),연%,200010,8.51
121Y006,1.3.3.2.1. 예금은행 대출금리(신규취급액 기준),BECBLA01,대출평균 1),연%,200011,8.53
121Y006,1.3.3.2.1. 예금은행 대출금리(신규취급액 기준),BECBLA01,대출평균 1),연%,200012,8.41
121Y006,1.3.3.2.1. 예금은행 대출금리(신규취급액 기준),BECBLA01,대출평균 1),연%,200101,8.45
121Y006,1.3.3.2.1. 예금은행 대출금리(신규취급액 기준),BECBLA01,대출평균 1),연%,200102,8.34
121Y006,1.3.3.2.1. 예금은행 대출금리(신규취급액 기준),BECBLA01,대출평균 1),연%,200103,8.26
121Y006,1.3.3.2.1. 예금은행 대출금리(신규취급액 기준),BECBLA01,대출평균 1),연%,200104,8.1
121Y006,1.3.3.2.1. 예금은행 대출금리(신규취급액 기준),BECBLA01,대출평균 1),연%,200105,7.99
121Y006,1.3.3.2.1. 예금은행 대출금리(신규취급액 기준),BECBLA01,대출평균 1),연%,200106,7.89
121Y006,1.3.3.2.1. 예금은행 대출금리(신규취급액 기준),BECBLA01,대출평균 1),연%,200107,7.78
121Y006,1.3.3.2.1. 예금은행 대출금리(신규취급액 기준),BECBLA01,대출평균 1),연%,200108,7.51
121Y006,1.3.3.2.1. 예금은행 대출금리(신규취급액 기준),BECBLA01,대출평균 1),연%,200109,7.26
121Y006,1.3.3.2.1. 예금은행 대출금리(신규취급액 기준),BECBLA01,대출평균 1),연%,200110,7.07
121Y006,1.3.3.2.1. 예금은행 대출금리(신규취급액 기준),BECBLA01,대출평균 1),연%,200111,6.92
121Y006,1.3.3.2.1. 예금은행 대출금리(신규취급액 기준),BECBLA01,대출평균 1),연%,200112,6.84
121Y006,1.3.3.2.1. 예금은행 대출금리(신규취급액 기준),BECBLA01,대출평균 1),연%,200201,6.83
121Y006,1.3.3.2.1. 예금은행 대출금리(신규취급액 기준),BECBLA01,대출평균 1),연%,200202,6.71
121Y006,1.3.3.2.1. 예금은행 대출금리(신규취급액 기준),BECBLA01,대출평균 1),연%,200203,6.72
121Y006,1.3.3.2.1. 예금은행 대출금리(신규취급액 기준),BECBLA01,대출평균 1),연%,200204,6.75
121Y006,1.3.3.2.1. 예금은행 대출금리(신규취급액 기준),BECBLA01,대출평균 1),연%,200205,6.73
121Y006,1.3.3.2.1. 예금은행 대출금리(신규취급액 기준),BECBLA01,대출평균 1),연%,200206,6.71
121Y006,1.3.3.2.1. 예금은행 대출금리(신규취급액 기준),BECBLA01,대출평균 1),연%,200207,6.72
121Y006,1.3.3.2.1. 예금은행 대출금리(신규취급액 기준),BECBLA01,대출평균 1),연%,200208,6.65
121Y006,1.3.3.2.1. 예금은행 대출금리(신규취급액 기준),BECBLA01,대출평균 1),연%,200209,6.64
121Y006,1.3.3.2.1. 예금은행 대출금리(신규취급액 기준),BECBLA01,대출평균 1),연%,200210,6.7
121Y006,1.3.3.2.1. 예금은행 대출금리(신규취급액 기준),BECBLA01,대출평균 1),연%,200211,6.65
121Y006,1.3.3.2.1. 예금은행 대출금리(신규취급액 기준),BECBLA01,대출평균 1),연%,200212,6.58
121Y006,1.3.3.2.1. 예금은행 대출금리(신규취급액 기준),BECBLA01,대출평균 1),연%,200301,6.51
121Y006,1.3.3.2.1. 예금은행 대출금리(신규취급액 기준),BECBLA01,대출평균 1),연%,200302,6.39
121Y006,1.3.3.2.1. 예금은행 대출금리(신규취급액 기준),BECBLA01,대출평균 1),연%,200303,6.48
121Y006,1.3.3.2.1. 예금은행 대출금리(신규취급액 기준),BECBLA01,대출평균 1),연%,200304,6.41
121Y006,1.3.3.2.1. 예금은행 대출금리(신규취급액 기준),BECBLA01,대출평균 1),연%,200305,6.28
121Y006,1.3.3.2.1. 예금은행 대출금리(신규취급액 기준),BECBLA01,대출평균 1),연%,200306,6.24
121Y006,1.3.3.2.1. 예금은행 대출금리(신규취급액 기준),BECBLA01,대출평균 1),연%,200307,6.2
121Y006,1.3.3.2.1. 예금은행 대출금리(신규취급액 기준),BECBLA01,대출평균 1),연%,200308,6.03
121Y006,1.3.3.2.1. 예금은행 대출금리(신규취급액 기준),BECBLA01,대출평균 1),연%,200309,5.97
121Y006,1.3.3.2.1. 예금은행 대출금리(신규취급액 기준),BECBLA01,대출평균 1),연%,200310,6
121Y006,1.3.3.2.1. 예금은행 대출금리(신규취급액 기준),BECBLA01,대출평균 1),연%,200311,6.13
121Y006,1.3.3.2.1. 예금은행 대출금리(신규취급액 기준),BECBLA01,대출평균 1),연%,200312,6.2
121Y006,1.3.3.2.1. 예금은행 대출금리(신규취급액 기준),BECBLA01,대출평균 1),연%,200401,6.25
121Y006,1.3.3.2.1. 예금은행 대출금리(신규취급액 기준),BECBLA01,대출평균 1),연%,200402,6.09
121Y006,1.3.3.2.1. 예금은행 대출금리(신규취급액 기준),BECBLA01,대출평균 1),연%,200403,6.12
121Y006,1.3.3.2.1. 예금은행 대출금리(신규취급액 기준),BECBLA01,대출평균 1),연%,200404,6.02
121Y006,1.3.3.2.1. 예금은행 대출금리(신규취급액 기준),BECBLA01,대출평균 1),연%,200405,5.97
121Y006,1.3.3.2.1. 예금은행 대출금리(신규취급액 기준),BECBLA01,대출평균 1),연%,200406,6.06
121Y006,1.3.3.2.1. 예금은행 대출금리(신규취급액 기준),BECBLA01,대출평균 1),연%,200407,5.96
121Y006,1.3.3.2.1. 예금은행 대출금리(신규취급액 기준),BECBLA01,대출평균 1),연%,200408,5.81
121Y006,1.3.3.2.1. 예금은행 대출금리(신규취급액 기준),BECBLA01,대출평균 1),연%,200409,5.74
121Y006,1.3.3.2.1. 예금은행 대출금리(신규취급액 기준),BECBLA01,대출평균 1),연%,200410,5.71
121Y006,1.3.3.2.1. 예금은행 대출금리(신규취급액 기준),BECBLA01,대출평균 1),연%,200411,5.6
121Y006,1.3.3.2.1. 예금은행 대출금리(신규취급액 기준),BECBLA01,대출평균 1),연%,200412,5.52
121Y006,1.3.3.2.1. 예금은행 대출금리(신규취급액 기준),BECBLA01,대출평균 1),연%,200501,5.58
121Y006,1.3.3.2.1. 예금은행 대출금리(신규취급액 기준),BECBLA01,대출평균 1),연%,200502,5.53
121Y006,1.3.3.2.1. 예금은행 대출금리(신규취급액 기준),BECBLA01,대출평균 1),연%,200503,5.63
121Y006,1.3.3.2.1. 예금은행 대출금리(신규취급액 기준),BECBLA01,대출평균 1),연%,200504,5.59
121Y006,1.3.3.2.1. 예금은행 대출금리(신규취급액 기준),BECBLA01,대출평균 1),연%,200505,5.5
121Y006,1.3.3.2.1. 예금은행 대출금리(신규취급액 기준),BECBLA01,대출평균 1),연%,200506,5.5
121Y006,1.3.3.2.1. 예금은행 대출금리(신규취급액 기준),BECBLA01,대출평균 1),연%,200507,5.51
121Y006,1.3.3.2.1. 예금은행 대출금리(신규취급액 기준),BECBLA01,대출평균 1),연%,200508,5.49
121Y006,1.3.3.2.1. 예금은행 대출금리(신규취급액 기준),BECBLA01,대출평균 1),연%,200509,5.61
121Y006,1.3.3.2.1. 예금은행 대출금리(신규취급액 기준),BECBLA01,대출평균 1),연%,200510,5.73
121Y006,1.3.3.2.1. 예금은행 대출금리(신규취급액 기준),BECBLA01,대출평균 1),연%,200511,5.71
121Y006,1.3.3.2.1. 예금은행 대출금리(신규취급액 기준),BECBLA01,대출평균 1),연%,200512,5.74
121Y006,1.3.3.2.1. 예금은행 대출금리(신규취급액 기준),BECBLA01,대출평균 1),연%,200601,5.79
121Y006,1.3.3.2.1. 예금은행 대출금리(신규취급액 기준),BECBLA01,대출평균 1),연%,200602,5.76
121Y006,1.3.3.2.1. 예금은행 대출금리(신규취급액 기준),BECBLA01,대출평균 1),연%,200603,5.89
121Y006,1.3.3.2.1. 예금은행 대출금리(신규취급액 기준),BECBLA01,대출평균 1),연%,200604,5.83
121Y006,1.3.3.2.1. 예금은행 대출금리(신규취급액 기준),BECBLA01,대출평균 1),연%,200605,5.89
121Y006,1.3.3.2.1. 예금은행 대출금리(신규취급액 기준),BECBLA01,대출평균 1),연%,200606,5.98
121Y006,1.3.3.2.1. 예금은행 대출금리(신규취급액 기준),BECBLA01,대출평균 1),연%,200607,6.1
121Y006,1.3.3.2.1. 예금은행 대출금리(신규취급액 기준),BECBLA01,대출평균 1),연%,200608,6.16
121Y006,1.3.3.2.1. 예금은행 대출금리(신규취급액 기준),BECBLA01,대출평균 1),연%,200609,6.13
121Y006,1.3.3.2.1. 예금은행 대출금리(신규취급액 기준),BECBLA01,대출평균 1),연%,200610,6.09
121Y006,1.3.3.2.1. 예금은행 대출금리(신규취급액 기준),BECBLA01,대출평균 1),연%,200611,6.04
121Y006,1.3.3.2.1. 예금은행 대출금리(신규취급액 기준),BECBLA01,대출평균 1),연%,200612,6.19
121Y006,1.3.3.2.1. 예금은행 대출금리(신규취급액 기준),BECBLA01,대출평균 1),연%,200701,6.32
121Y006,1.3.3.2.1. 예금은행 대출금리(신규취급액 기준),BECBLA01,대출평균 1),연%,200702,6.34
121Y006,1.3.3.2.1. 예금은행 대출금리(신규취급액 기준),BECBLA01,대출평균 1),연%,200703,6.37
121Y006,1.3.3.2.1. 예금은행 대출금리(신규취급액 기준),BECBLA01,대출평균 1),연%,200704,6.35
121Y006,1.3.3.2.1. 예금은행 대출금리(신규취급액 기준),BECBLA01,대출평균 1),연%,200705,6.48
121Y006,1.3.3.2.1. 예금은행 대출금리(신규취급액 기준),BECBLA01,대출평균 1),연%,200706,6.42
121Y006,1.3.3.2.1. 예금은행 대출금리(신규취급액 기준),BECBLA01,대출평균 1),연%,200707,6.41
121Y006,1.3.3.2.1. 예금은행 대출금리(신규취급액 기준),BECBLA01,대출평균 1),연%,200708,6.56
121Y006,1.3.3.2.1. 예금은행 대출금리(신규취급액 기준),BECBLA01,대출평균 1),연%,200709,6.7
121Y006,1.3.3.2.1. 예금은행 대출금리(신규취급액 기준),BECBLA01,대출평균 1),연%,200710,6.79
121Y006,1.3.3.2.1. 예금은행 대출금리(신규취급액 기준),BECBLA01,대출평균 1),연%,200711,6.8
121Y006,1.3.3.2.1. 예금은행 대출금리(신규취급액 기준),BECBLA01,대출평균 1),연%,200712,7.08
121Y006,1.3.3.2.1. 예금은행 대출금리(신규취급액 기준),BECBLA01,대출평균 1),연%,200801,7.25
121Y006,1.3.3.2.1. 예금은행 대출금리(신규취급액 기준),BECBLA01,대출평균 1),연%,200802,6.9
121Y006,1.3.3.2.1. 예금은행 대출금리(신규취급액 기준),BECBLA01,대출평균 1),연%,200803,6.9
121Y006,1.3.3.2.1. 예금은행 대출금리(신규취급액 기준),BECBLA01,대출평균 1),연%,200804,6.91
121Y006,1.3.3.2.1. 예금은행 대출금리(신규취급액 기준),BECBLA01,대출평균 1),연%,200805,6.96
121Y006,1.3.3.2.1. 예금은행 대출금리(신규취급액 기준),BECBLA01,대출평균 1),연%,200806,7.02
121Y006,1.3.3.2.1. 예금은행 대출금리(신규취급액 기준),BECBLA01,대출평균 1),연%,200807,7.12
121Y006,1.3.3.2.1. 예금은행 대출금리(신규취급액 기준),BECBLA01,대출평균 1),연%,200808,7.31
121Y006,1.3.3.2.1. 예금은행 대출금리(신규취급액 기준),BECBLA01,대출평균 1),연%,200809,7.44
121Y006,1.3.3.2.1. 예금은행 대출금리(신규취급액 기준),BECBLA01,대출평균 1),연%,200810,7.79
121Y006,1.3.3.2.1. 예금은행 대출금리(신규취급액 기준),BECBLA01,대출평균 1),연%,200811,7.53
121Y006,1.3.3.2.1. 예금은행 대출금리(신규취급액 기준),BECBLA01,대출평균 1),연%,200812,6.89
121Y006,1.3.3.2.1. 예금은행 대출금리(신규취급액 기준),BECBLA01,대출평균 1),연%,200901,5.91
121Y006,1.3.3.2.1. 예금은행 대출금리(신규취급액 기준),BECBLA01,대출평균 1),연%,200902,5.57
121Y006,1.3.3.2.1. 예금은행 대출금리(신규취급액 기준),BECBLA01,대출평균 1),연%,200903,5.5
121Y006,1.3.3.2.1. 예금은행 대출금리(신규취급액 기준),BECBLA01,대출평균 1),연%,200904,5.4
121Y006,1.3.3.2.1. 예금은행 대출금리(신규취급액 기준),BECBLA01,대출평균 1),연%,200905,5.42
121Y006,1.3.3.2.1. 예금은행 대출금리(신규취급액 기준),BECBLA01,대출평균 1),연%,200906,5.47
121Y006,1.3.3.2.1. 예금은행 대출금리(신규취급액 기준),BECBLA01,대출평균 1),연%,200907,5.53
121Y006,1.3.3.2.1. 예금은행 대출금리(신규취급액 기준),BECBLA01,대출평균 1),연%,200908,5.61
121Y006,1.3.3.2.1. 예금은행 대출금리(신규취급액 기준),BECBLA01,대출평균 1),연%,200909,5.82
121Y006,1.3.3.2.1. 예금은행 대출금리(신규취급액 기준),BECBLA01,대출평균 1),연%,200910,5.88
121Y006,1.3.3.2.1. 예금은행 대출금리(신규취급액 기준),BECBLA01,대출평균 1),연%,200911,5.87
121Y006,1.3.3.2.1. 예금은행 대출금리(신규취급액 기준),BECBLA01,대출평균 1),연%,200912,5.81
121Y006,1.3.3.2.1. 예금은행 대출금리(신규취급액 기준),BECBLA01,대출평균 1),연%,201001,5.94
121Y006,1.3.3.2.1. 예금은행 대출금리(신규취급액 기준),BECBLA01,대출평균 1),연%,201002,5.84
121Y006,1.3.3.2.1. 예금은행 대출금리(신규취급액 기준),BECBLA01,대출평균 1),연%,201003,5.69
121Y006,1.3.3.2.1. 예금은행 대출금리(신규취급액 기준),BECBLA01,대출평균 1),연%,201004,5.49
121Y006,1.3.3.2.1. 예금은행 대출금리(신규취급액 기준),BECBLA01,대출평균 1),연%,201005,5.4
121Y006,1.3.3.2.1. 예금은행 대출금리(신규취급액 기준),BECBLA01,대출평균 1),연%,201006,5.32
121Y006,1.3.3.2.1. 예금은행 대출금리(신규취급액 기준),BECBLA01,대출평균 1),연%,201007,5.39
121Y006,1.3.3.2.1. 예금은행 대출금리(신규취급액 기준),BECBLA01,대출평균 1),연%,201008,5.51
121Y006,1.3.3.2.1. 예금은행 대출금리(신규취급액 기준),BECBLA01,대출평균 1),연%,201009,5.45
121Y006,1.3.3.2.1. 예금은행 대출금리(신규취급액 기준),BECBLA01,대출평균 1),연%,201010,5.37
121Y006,1.3.3.2.1. 예금은행 대출금리(신규취급액 기준),BECBLA01,대출평균 1),연%,201011,5.34
121Y006,1.3.3.2.1. 예금은행 대출금리(신규취급액 기준),BECBLA01,대출평균 1),연%,201012,5.4
121Y006,1.3.3.2.1. 예금은행 대출금리(신규취급액 기준),BECBLA01,대출평균 1),연%,201101,5.64
121Y006,1.3.3.2.1. 예금은행 대출금리(신규취급액 기준),BECBLA01,대출평균 1),연%,201102,5.66
121Y006,1.3.3.2.1. 예금은행 대출금리(신규취급액 기준),BECBLA01,대출평균 1),연%,201103,5.78
121Y006,1.3.3.2.1. 예금은행 대출금리(신규취급액 기준),BECBLA01,대출평균 1),연%,201104,5.7
121Y006,1.3.3.2.1. 예금은행 대출금리(신규취급액 기준),BECBLA01,대출평균 1),연%,201105,5.76
121Y006,1.3.3.2.1. 예금은행 대출금리(신규취급액 기준),BECBLA01,대출평균 1),연%,201106,5.8
121Y006,1.3.3.2.1. 예금은행 대출금리(신규취급액 기준),BECBLA01,대출평균 1),연%,201107,5.86
121Y006,1.3.3.2.1. 예금은행 대출금리(신규취급액 기준),BECBLA01,대출평균 1),연%,201108,5.84
121Y006,1.3.3.2.1. 예금은행 대출금리(신규취급액 기준),BECBLA01,대출평균 1),연%,201109,5.76
121Y006,1.3.3.2.1. 예금은행 대출금리(신규취급액 기준),BECBLA01,대출평균 1),연%,201110,5.77
121Y006,1.3.3.2.1. 예금은행 대출금리(신규취급액 기준),BECBLA01,대출평균 1),연%,201111,5.83
121Y006,1.3.3.2.1. 예금은행 대출금리(신규취급액 기준),BECBLA01,대출평균 1),연%,201112,5.69
121Y006,1.3.3.2.1. 예금은행 대출금리(신규취급액 기준),BECBLA01,대출평균 1),연%,201201,5.79
121Y006,1.3.3.2.1. 예금은행 대출금리(신규취급액 기준),BECBLA01,대출평균 1),연%,201202,5.71
121Y006,1.3.3.2.1. 예금은행 대출금리(신규취급액 기준),BECBLA01,대출평균 1),연%,201203,5.74
121Y006,1.3.3.2.1. 예금은행 대출금리(신규취급액 기준),BECBLA01,대출평균 1),연%,201204,5.71
121Y006,1.3.3.2.1. 예금은행 대출금리(신규취급액 기준),BECBLA01,대출평균 1),연%,201205,5.66
121Y006,1.3.3.2.1. 예금은행 대출금리(신규취급액 기준),BECBLA01,대출평균 1),연%,201206,5.58
121Y006,1.3.3.2.1. 예금은행 대출금리(신규취급액 기준),BECBLA01,대출평균 1),연%,201207,5.45
121Y006,1.3.3.2.1. 예금은행 대출금리(신규취급액 기준),BECBLA01,대출평균 1),연%,201208,5.22
121Y006,1.3.3.2.1. 예금은행 대출금리(신규취급액 기준),BECBLA01,대출평균 1),연%,201209,5.13
121Y006,1.3.3.2.1. 예금은행 대출금리(신규취급액 기준),BECBLA01,대출평균 1),연%,201210,4.98
121Y006,1.3.3.2.1. 예금은행 대출금리(신규취급액 기준),BECBLA01,대출평균 1),연%,201211,4.94
121Y006,1.3.3.2.1. 예금은행 대출금리(신규취급액 기준),BECBLA01,대출평균 1),연%,201212,4.84
121Y006,1.3.3.2.1. 예금은행 대출금리(신규취급액 기준),BECBLA01,대출평균 1),연%,201301,5
121Y006,1.3.3.2.1. 예금은행 대출금리(신규취급액 기준),BECBLA01,대출평균 1),연%,201302,4.91
121Y006,1.3.3.2.1. 예금은행 대출금리(신규취급액 기준),BECBLA01,대출평균 1),연%,201303,4.77
121Y006,1.3.3.2.1. 예금은행 대출금리(신규취급액 기준),BECBLA01,대출평균 1),연%,201304,4.73
121Y006,1.3.3.2.1. 예금은행 대출금리(신규취급액 기준),BECBLA01,대출평균 1),연%,201305,4.62
121Y006,1.3.3.2.1. 예금은행 대출금리(신규취급액 기준),BECBLA01,대출평균 1),연%,201306,4.52
121Y006,1.3.3.2.1. 예금은행 대출금리(신규취급액 기준),BECBLA01,대출평균 1),연%,201307,4.6
121Y006,1.3.3.2.1. 예금은행 대출금리(신규취급액 기준),BECBLA01,대출평균 1),연%,201308,4.55
121Y006,1.3.3.2.1. 예금은행 대출금리(신규취급액 기준),BECBLA01,대출평균 1),연%,201309,4.54
121Y006,1.3.3.2.1. 예금은행 대출금리(신규취급액 기준),BECBLA01,대출평균 1),연%,201310,4.46
121Y006,1.3.3.2.1. 예금은행 대출금리(신규취급액 기준),BECBLA01,대출평균 1),연%,201311,4.5
121Y006,1.3.3.2.1. 예금은행 대출금리(신규취급액 기준),BECBLA01,대출평균 1),연%,201312,4.52
121Y006,1.3.3.2.1. 예금은행 대출금리(신규취급액 기준),BECBLA01,대출평균 1),연%,201401,4.53
121Y006,1.3.3.2.1. 예금은행 대출금리(신규취급액 기준),BECBLA01,대출평균 1),연%,201402,4.45
121Y006,1.3.3.2.1. 예금은행 대출금리(신규취급액 기준),BECBLA01,대출평균 1),연%,201403,4.46
121Y006,1.3.3.2.1. 예금은행 대출금리(신규취급액 기준),BECBLA01,대출평균 1),연%,201404,4.42
121Y006,1.3.3.2.1. 예금은행 대출금리(신규취급액 기준),BECBLA01,대출평균 1),연%,201405,4.4
121Y006,1.3.3.2.1. 예금은행 대출금리(신규취급액 기준),BECBLA01,대출평균 1),연%,201406,4.4
121Y006,1.3.3.2.1. 예금은행 대출금리(신규취급액 기준),BECBLA01,대출평균 1),연%,201407,4.39
121Y006,1.3.3.2.1. 예금은행 대출금리(신규취급액 기준),BECBLA01,대출평균 1),연%,201408,4.18
121Y006,1.3.3.2.1. 예금은행 대출금리(신규취급액 기준),BECBLA01,대출평균 1),연%,201409,4.14
121Y006,1.3.3.2.1. 예금은행 대출금리(신규취급액 기준),BECBLA01,대출평균 1),연%,201410,4
121Y006,1.3.3.2.1. 예금은행 대출금리(신규취급액 기준),BECBLA01,대출평균 1),연%,201411,3.88
121Y006,1.3.3.2.1. 예금은행 대출금리(신규취급액 기준),BECBLA01,대출평균 1),연%,201412,3.91
121Y006,1.3.3.2.1. 예금은행 대출금리(신규취급액 기준),BECBLA01,대출평균 1),연%,201501,3.9
121Y006,1.3.3.2.1. 예금은행 대출금리(신규취급액 기준),BECBLA01,대출평균 1),연%,201502,3.86
121Y006,1.3.3.2.1. 예금은행 대출금리(신규취급액 기준),BECBLA01,대출평균 1),연%,201503,3.61
121Y006,1.3.3.2.1. 예금은행 대출금리(신규취급액 기준),BECBLA01,대출평균 1),연%,201504,3.36
121Y006,1.3.3.2.1. 예금은행 대출금리(신규취급액 기준),BECBLA01,대출평균 1),연%,201505,3.56
121Y006,1.3.3.2.1. 예금은행 대출금리(신규취급액 기준),BECBLA01,대출평균 1),연%,201506,3.49
121Y006,1.3.3.2.1. 예금은행 대출금리(신규취급액 기준),BECBLA01,대출평균 1),연%,201507,3.43
121Y006,1.3.3.2.1. 예금은행 대출금리(신규취급액 기준),BECBLA01,대출평균 1),연%,201508,3.44
121Y006,1.3.3.2.1. 예금은행 대출금리(신규취급액 기준),BECBLA01,대출평균 1),연%,201509,3.43
121Y006,1.3.3.2.1. 예금은행 대출금리(신규취급액 기준),BECBLA01,대출평균 1),연%,201510,3.42
121Y006,1.3.3.2.1. 예금은행 대출금리(신규취급액 기준),BECBLA01,대출평균 1),연%,201511,3.44
121Y006,1.3.3.2.1. 예금은행 대출금리(신규취급액 기준),BECBLA01,대출평균 1),연%,201512,3.46
121Y006,1.3.3.2.1. 예금은행 대출금리(신규취급액 기준),BECBLA01,대출평균 1),연%,201601,3.49
121Y006,1.3.3.2.1. 예금은행 대출금리(신규취급액 기준),BECBLA01,대출평균 1),연%,201602,3.47
121Y006,1.3.3.2.1. 예금은행 대출금리(신규취급액 기준),BECBLA01,대출평균 1),연%,201603,3.5
121Y006,1.3.3.2.1. 예금은행 대출금리(신규취급액 기준),BECBLA01,대출평균 1),연%,201604,3.44
121Y006,1.3.3.2.1. 예금은행 대출금리(신규취급액 기준),BECBLA01,대출평균 1),연%,201605,3.45
121Y006,1.3.3.2.1. 예금은행 대출금리(신규취급액 기준),BECBLA01,대출평균 1),연%,201606,3.31
121Y006,1.3.3.2.1. 예금은행 대출금리(신규취급액 기준),BECBLA01,대출평균 1),연%,201607,3.23
121Y006,1.3.3.2.1. 예금은행 대출금리(신규취급액 기준),BECBLA01,대출평균 1),연%,201608,3.23
121Y006,1.3.3.2.1. 예금은행 대출금리(신규취급액 기준),BECBLA01,대출평균 1),연%,201609,3.27
121Y006,1.3.3.2.1. 예금은행 대출금리(신규취급액 기준),BECBLA01,대출평균 1),연%,201610,3.29
121Y006,1.3.3.2.1. 예금은행 대출금리(신규취급액 기준),BECBLA01,대출평균 1),연%,201611,3.36
121Y006,1.3.3.2.1. 예금은행 대출금리(신규취급액 기준),BECBLA01,대출평균 1),연%,201612,3.44
121Y006,1.3.3.2.1. 예금은행 대출금리(신규취급액 기준),BECBLA01,대출평균 1),연%,201701,3.51
121Y006,1.3.3.2.1. 예금은행 대출금리(신규취급액 기준),BECBLA01,대출평균 1),연%,201702,3.45
121Y006,1.3.3.2.1. 예금은행 대출금리(신규취급액 기준),BECBLA01,대출평균 1),연%,201703,3.48
121Y006,1.3.3.2.1. 예금은행 대출금리(신규취급액 기준),BECBLA01,대출평균 1),연%,201704,3.42
121Y006,1.3.3.2.1. 예금은행 대출금리(신규취급액 기준),BECBLA01,대출평균 1),연%,201705,3.45
121Y006,1.3.3.2.1. 예금은행 대출금리(신규취급액 기준),BECBLA01,대출평균 1),연%,201706,3.44
121Y006,1.3.3.2.1. 예금은행 대출금리(신규취급액 기준),BECBLA01,대출평균 1),연%,201707,3.45
121Y006,1.3.3.2.1. 예금은행 대출금리(신규취급액 기준),BECBLA01,대출평균 1),연%,201708,3.43
121Y006,1.3.3.2.1. 예금은행 대출금리(신규취급액 기준),BECBLA01,대출평균 1),연%,201709,3.46
121Y006,1.3.3.2.1. 예금은행 대출금리(신규취급액 기준),BECBLA01,대출평균 1),연%,201710,3.46
121Y006,1.3.3.2.1. 예금은행 대출금리(신규취급액 기준),BECBLA01,대출평균 1),연%,201711,3.55
121Y006,1.3.3.2.1. 예금은행 대출금리(신규취급액 기준),BECBLA01,대출평균 1),연%,201712,3.62
121Y006,1.3.3.2.1. 예금은행 대출금리(신규취급액 기준),BECBLA01,대출평균 1),연%,201801,3.69
121Y006,1.3.3.2.1. 예금은행 대출금리(신규취급액 기준),BECBLA01,대출평균 1),연%,201802,3.68
121Y006,1.3.3.2.1. 예금은행 대출금리(신규취급액 기준),BECBLA01,대출평균 1),연%,201803,3.67
121Y006,1.3.3.2.1. 예금은행 대출금리(신규취급액 기준),BECBLA01,대출평균 1),연%,201804,3.65
121Y006,1.3.3.2.1. 예금은행 대출금리(신규취급액 기준),BECBLA01,대출평균 1),연%,201805,3.68
121Y006,1.3.3.2.1. 예금은행 대출금리(신규취급액 기준),BECBLA01,대출평균 1),연%,201806,3.65
121Y006,1.3.3.2.1. 예금은행 대출금리(신규취급액 기준),BECBLA01,대출평균 1),연%,201807,3.67
121Y006,1.3.3.2.1. 예금은행 대출금리(신규취급액 기준),BECBLA01,대출평균 1),연%,201808,3.63
121Y006,1.3.3.2.1. 예금은행 대출금리(신규취급액 기준),BECBLA01,대출평균 1),연%,201809,3.61
121Y006,1.3.3.2.1. 예금은행 대출금리(신규취급액 기준),BECBLA01,대출평균 1),연%,201810,3.64
121Y006,1.3.3.2.1. 예금은행 대출금리(신규취급액 기준),BECBLA01,대출평균 1),연%,201811,3.66
121Y006,1.3.3.2.1. 예금은행 대출금리(신규취급액 기준),BECBLA01,대출평균 1),연%,201812,3.72
121Y006,1.3.3.2.1. 예금은행 대출금리(신규취급액 기준),BECBLA01,대출평균 1),연%,201901,3.73
121Y006,1.3.3.2.1. 예금은행 대출금리(신규취급액 기준),BECBLA01,대출평균 1),연%,201902,3.7
121Y006,1.3.3.2.1. 예금은행 대출금리(신규취급액 기준),BECBLA01,대출평균 1),연%,201903,3.66
121Y006,1.3.3.2.1. 예금은행 대출금리(신규취급액 기준),BECBLA01,대출평균 1),연%,201904,3.65
121Y006,1.3.3.2.1. 예금은행 대출금리(신규취급액 기준),BECBLA01,대출평균 1),연%,201905,3.62
121Y006,1.3.3.2.1. 예금은행 대출금리(신규취급액 기준),BECBLA01,대출평균 1),연%,201906,3.49
121Y006,1.3.3.2.1. 예금은행 대출금리(신규취급액 기준),BECBLA01,대출평균 1),연%,201907,3.4
121Y006,1.3.3.2.1. 예금은행 대출금리(신규취급액 기준),BECBLA01,대출평균 1),연%,201908,3.19
121Y006,1.3.3.2.1. 예금은행 대출금리(신규취급액 기준),BECBLA01,대출평균 1),연%,201909,3.31
121Y006,1.3.3.2.1. 예금은행 대출금리(신규취급액 기준),BECBLA01,대출평균 1),연%,201910,3.2
121Y006,1.3.3.2.1. 예금은행 대출금리(신규취급액 기준),BECBLA01,대출평균 1),연%,201911,3.18
121Y006,1.3.3.2.1. 예금은행 대출금리(신규취급액 기준),BECBLA01,대출평균 1),연%,201912,3.22
121Y006,1.3.3.2.1. 예금은행 대출금리(신규취급액 기준),BECBLA01,대출평균 1),연%,202001,3.19
121Y006,1.3.3.2.1. 예금은행 대출금리(신규취급액 기준),BECBLA01,대출평균 1),연%,202002,3.08
121Y006,1.3.3.2.1. 예금은행 대출금리(신규취급액 기준),BECBLA01,대출평균 1),연%,202003,2.91
121Y006,1.3.3.2.1. 예금은행 대출금리(신규취급액 기준),BECBLA01,대출평균 1),연%,202004,2.8
121Y006,1.3.3.2.1. 예금은행 대출금리(신규취급액 기준),BECBLA01,대출평균 1),연%,202005,2.82
121Y006,1.3.3.2.1. 예금은행 대출금리(신규취급액 기준),BECBLA01,대출평균 1),연%,202006,2.72
121Y006,1.3.3.2.1. 예금은행 대출금리(신규취급액 기준),BECBLA01,대출평균 1),연%,202007,2.7
121Y006,1.3.3.2.1. 예금은행 대출금리(신규취급액 기준),BECBLA01,대출평균 1),연%,202008,2.63
121Y006,1.3.3.2.1. 예금은행 대출금리(신규취급액 기준),BECBLA01,대출평균 1),연%,202009,2.66
121Y006,1.3.3.2.1. 예금은행 대출금리(신규취급액 기준),BECBLA01,대출평균 1),연%,202010,2.66
121Y006,1.3.3.2.1. 예금은행 대출금리(신규취급액 기준),BECBLA01,대출평균 1),연%,202011,2.71
121Y006,1.3.3.2.1. 예금은행 대출금리(신규취급액 기준),BECBLA01,대출평균 1),연%,202012,2.74
121Y006,1.3.3.2.1. 예금은행 대출금리(신규취급액 기준),BECBLA01,대출평균 1),연%,202101,2.72
121Y006,1.3.3.2.1. 예금은행 대출금리(신규취급액 기준),BECBLA01,대출평균 1),연%,202102,2.74
121Y006,1.3.3.2.1. 예금은행 대출금리(신규취급액 기준),BECBLA01,대출평균 1),연%,202103,2.77
121Y006,1.3.3.2.1. 예금은행 대출금리(신규취급액 기준),BECBLA01,대출평균 1),연%,202104,2.74
121Y006,1.3.3.2.1. 예금은행 대출금리(신규취급액 기준),BECBLA01,대출평균 1),연%,202105,2.72
121Y006,1.3.3.2.1. 예금은행 대출금리(신규취급액 기준),BECBLA01,대출평균 1),연%,202106,2.77
121Y006,1.3.3.2.1. 예금은행 대출금리(신규취급액 기준),BECBLA01,대출평균 1),연%,202107,2.77
121Y006,1.3.3.2.1. 예금은행 대출금리(신규취급액 기준),BECBLA01,대출평균 1),연%,202108,2.87
121Y006,1.3.3.2.1. 예금은행 대출금리(신규취급액 기준),BECBLA01,대출평균 1),연%,202109,2.96
121Y006,1.3.3.2.1. 예금은행 대출금리(신규취급액 기준),BECBLA01,대출평균 1),연%,202110,3.07
121Y006,1.3.3.2.1. 예금은행 대출금리(신규취급액 기준),BECBLA01,대출평균 1),연%,202111,3.23
121Y006,1.3.3.2.1. 예금은행 대출금리(신규취급액 기준),BECBLA01,대출평균 1),연%,202112,3.25
121Y006,1.3.3.2.1. 예금은행 대출금리(신규취급액 기준),BECBLA01,대출평균 1),연%,202201,3.45
121Y006,1.3.3.2.1. 예금은행 대출금리(신규취급액 기준),BECBLA01,대출평균 1),연%,202202,3.51
121Y006,1.3.3.2.1. 예금은행 대출금리(신규취급액 기준),BECBLA01,대출평균 1),연%,202203,3.5
121Y006,1.3.3.2.1. 예금은행 대출금리(신규취급액 기준),BECBLA01,대출평균 1),연%,202204,3.57
121Y006,1.3.3.2.1. 예금은행 대출금리(신규취급액 기준),BECBLA01,대출평균 1),연%,202205,3.68
121Y006,1.3.3.2.1. 예금은행 대출금리(신규취급액 기준),BECBLA01,대출평균 1),연%,202206,3.9
121Y006,1.3.3.2.1. 예금은행 대출금리(신규취급액 기준),BECBLA01,대출평균 1),연%,202207,4.21
121Y006,1.3.3.2.1. 예금은행 대출금리(신규취급액 기준),BECBLA01,대출평균 1),연%,202208,4.52
121Y006,1.3.3.2.1. 예금은행 대출금리(신규취급액 기준),BECBLA01,대출평균 1),연%,202209,4.71
121Y006,1.3.3.2.1. 예금은행 대출금리(신규취급액 기준),BECBLA01,대출평균 1),연%,202210,5.26
121Y006,1.3.3.2.1. 예금은행 대출금리(신규취급액 기준),BECBLA01,대출평균 1),연%,202211,5.64
121Y006,1.3.3.2.1. 예금은행 대출금리(신규취급액 기준),BECBLA01,대출평균 1),연%,202212,5.57
121Y006,1.3.3.2.1. 예금은행 대출금리(신규취급액 기준),BECBLA01,대출평균 1),연%,202301,5.46
121Y006,1.3.3.2.1. 예금은행 대출금리(신규취급액 기준),BECBLA01,대출평균 1),연%,202302,5.32
121Y006,1.3.3.2.1. 예금은행 대출금리(신규취급액 기준),BECBLA01,대출평균 1),연%,202303,5.17
121Y006,1.3.3.2.1. 예금은행 대출금리(신규취급액 기준),BECBLA01,대출평균 1),연%,202304,5.01
121Y006,1.3.3.2.1. 예금은행 대출금리(신규취급액 기준),BECBLA01,대출평균 1),연%,202305,5.12
121Y006,1.3.3.2.1. 예금은행 대출금리(신규취급액 기준),BECBLA01,대출평균 1),연%,202306,5.17
